zoneName,minimumRetriggerTime,fences,messageActions,timeActive,enableCheckOut
Melbourne (All Types),0:40,rectangle;-37.816445904181826/144.9800987589997;-37.81836983026806/144.9776847708863|circle;118;-37.817534428563256/144.98273693998692|polygon;-37.81648346766491/144.9862989135587;-37.81861927573189/144.98503291090367;-37.81856842387702/144.98773657759068|geoline;-37.816479942621314/144.98946905136108;-37.817564805286814/144.98856782913208;-37.81753090356984/144.99088525772095;-37.818598800175074/144.98953342437744,Example title;Example message goes here,09:00;15:00,true
