zoneName,minimumRetriggerTime,fences,messageActions,timeActive,enableCheckOut
Gates BBQ (Polygon),0:40,polygon;39.04128835668762 -94.56923760473728;39.0413185638204 -94.56923492252827;39.04131491813265 -94.56916451454163;39.041285231811074 -94.56916652619839;39.041278982057584 -94.5690692961216;39.04105815707905 -94.56908270716667;39.041060761151215 -94.56917859613895;39.04103524123987 -94.56918060779572;39.04103992857121 -94.56925168633461;39.041068052552774 -94.56925235688686;39.04107273988193 -94.5693764090538;39.04129356481487 -94.56936098635197;39.04128835668762 -94.56923760473728,Example title;Example message goes here,09:00;15:00,true
